201202-10549,Korbel 14
201105-8077,Caruso 15 Intel SNB
201109-9788,Negril
201104-7938,Enrico 14 Intel SNB
201005-5771,Telstra
201209-11840,Spyder-MLK
201203-10695,Yanshui
201011-6842,Macallan
201202-10556,Lanikai AIO
201105-7956,Danshuei
201104-7891,Enrico 14 Intel SNB
201112-10228,
201105-8052,Norah
201105-8047,Caruso 14intel Arrandale
201104-7785,Enrico15AMD
201201-10358,Pebble Beach
201201-10372,Dalmore 14
201212-12225,
201108-8338,Daxing
201205-11051,Vans 17
201202-10590,Enrico 14 MLK
201201-10339,Dalmore 15
201202-10509,Audi 14 Intel
201203-10657,Mercedes 13 Intel
201202-10546,Korbel 15
201202-10593,Caruso 14 MLK
201209-11735,
201208-11513,
201208-11521,Madao
201207-11420,
201203-10656,Audi 13 Intel
201011-6843,Macallan
201206-11169,KOBE
201209-11731,
201208-11519,Annan
201203-10659,Dalmore 14 Lite
201210-11903,Annan
201212-12226,
201103-7454,Guandu
201112-10283,Xinbeitou
201205-11041,Vans 17
201206-11387,Anding
201209-11784,Andromeda R1
201106-8240,
201209-11781,Anding
201012-6926,Macallan
201205-11042,Vans 17
201111-10180,
201202-10555,Olympic
201210-12054,
201004-5597,Optiplex XE SFF Telstra SFF XE
